GENE_NAME,Mutation CDS,Mutation AA,GENOMIC_WT_ALLELE_SEQ,GENOMIC_MUT_ALLELE_SEQ,Mutation Description AA,chrom,pos
CTNNB1,c.121A>G,p.T41A,A,G,Substitution - Missense,NC_000003.12,41224633
CTNNB1,c.97T>G,p.S33A,T,G,Substitution - Missense,NC_000003.12,41224609
CTNNB1,c.109T>C,p.S37P,T,C,Substitution - Missense,NC_000003.12,41224621
CTNNB1,c.133T>C,p.S45P,T,C,Substitution - Missense,NC_000003.12,41224645
CTNNB1,c.94G>T,p.D32Y,G,T,Substitution - Missense,NC_000003.12,41224606
CTNNB1,c.122C>T,p.T41I,C,T,Substitution - Missense,NC_000003.12,41224634
CTNNB1,c.109T>G,p.S37A,T,G,Substitution - Missense,NC_000003.12,41224621
CTNNB1,c.94G>C,p.D32H,G,C,Substitution - Missense,NC_000003.12,41224606
CTNNB1,c.133T>G,p.S45A,T,G,Substitution - Missense,NC_000003.12,41224645
CTNNB1,c.101G>T,p.G34V,G,T,Substitution - Missense,NC_000003.12,41224613
CTNNB1,c.110C>G,p.S37C,C,G,Substitution - Missense,NC_000003.12,41224622
CTNNB1,c.101G>A,p.G34E,G,A,Substitution - Missense,NC_000003.12,41224613
CTNNB1,c.110C>T,p.S37F,C,T,Substitution - Missense,NC_000003.12,41224622
CTNNB1,c.97T>A,p.S33T,T,A,Substitution - Missense,NC_000003.12,41224609
CTNNB1,c.98C>G,p.S33C,C,G,Substitution - Missense,NC_000003.12,41224610
CTNNB1,c.110C>A,p.S37Y,C,A,Substitution - Missense,NC_000003.12,41224622
CTNNB1,c.95A>C,p.D32A,A,C,Substitution - Missense,NC_000003.12,41224607
CTNNB1,c.98C>A,p.S33Y,C,A,Substitution - Missense,NC_000003.12,41224610
CTNNB1,c.134C>G,p.S45C,C,G,Substitution - Missense,NC_000003.12,41224646
CTNNB1,c.95A>G,p.D32G,A,G,Substitution - Missense,NC_000003.12,41224607
CTNNB1,c.98C>T,p.S33F,C,T,Substitution - Missense,NC_000003.12,41224610
CTNNB1,c.97T>C,p.S33P,T,C,Substitution - Missense,NC_000003.12,41224609
CTNNB1,c.100G>A,p.G34R,G,A,Substitution - Missense,NC_000003.12,41224612
CTNNB1,c.94G>A,p.D32N,G,A,Substitution - Missense,NC_000003.12,41224606
CTNNB1,c.134C>T,p.S45F,C,T,Substitution - Missense,NC_000003.12,41224646
CTNNB1,c.122C>A,p.T41N,C,A,Substitution - Missense,NC_000003.12,41224634
CTNNB1,c.100G>C,p.G34R,G,C,Substitution - Missense,NC_000003.12,41224612
CTNNB1,c.134C>A,p.S45Y,C,A,Substitution - Missense,NC_000003.12,41224646
CTNNB1,c.95A>T,p.D32V,A,T,Substitution - Missense,NC_000003.12,41224607
CTNNB1,c.101G>C,p.G34A,G,C,Substitution - Missense,NC_000003.12,41224613
KRAS,c.38G>A,p.G13D,C,T,Substitution - Missense,NC_000012.12,25245347
KRAS,c.183A>C,p.Q61H,T,G,Substitution - Missense,NC_000012.12,25227341
KRAS,c.37G>A,p.G13S,C,T,Substitution - Missense,NC_000012.12,25245348
KRAS,c.35G>A,p.G12D,C,T,Substitution - Missense,NC_000012.12,25245350
KRAS,c.38G>T,p.G13V,C,A,Substitution - Missense,NC_000012.12,25245347
KRAS,c.35G>C,p.G12A,C,G,Substitution - Missense,NC_000012.12,25245350
KRAS,c.181C>A,p.Q61K,G,T,Substitution - Missense,NC_000012.12,25227343
KRAS,c.37G>T,p.G13C,C,A,Substitution - Missense,NC_000012.12,25245348
KRAS,c.37G>C,p.G13R,C,G,Substitution - Missense,NC_000012.12,25245348
KRAS,c.38G>C,p.G13A,C,G,Substitution - Missense,NC_000012.12,25245347
KRAS,c.34G>T,p.G12C,C,A,Substitution - Missense,NC_000012.12,25245351
KRAS,c.34G>C,p.G12R,C,G,Substitution - Missense,NC_000012.12,25245351
KRAS,c.34G>A,p.G12S,C,T,Substitution - Missense,NC_000012.12,25245351
KRAS,c.436G>A,p.A146T,C,T,Substitution - Missense,NC_000012.12,25225628
KRAS,c.35G>T,p.G12V,C,A,Substitution - Missense,NC_000012.12,25245350
NRAS,c.34G>A,p.G12S,C,T,Substitution - Missense,NC_000001.11,114716127
NRAS,c.182A>C,p.Q61P,T,G,Substitution - Missense,NC_000001.11,114713908
NRAS,c.37G>A,p.G13S,C,T,Substitution - Missense,NC_000001.11,114716124
NRAS,c.183A>C,p.Q61H,T,G,Substitution - Missense,NC_000001.11,114713907
NRAS,c.34G>C,p.G12R,C,G,Substitution - Missense,NC_000001.11,114716127
NRAS,c.182A>G,p.Q61R,T,C,Substitution - Missense,NC_000001.11,114713908
NRAS,c.38G>A,p.G13D,C,T,Substitution - Missense,NC_000001.11,114716123
NRAS,c.35G>A,p.G12D,C,T,Substitution - Missense,NC_000001.11,114716126
NRAS,c.38G>C,p.G13A,C,G,Substitution - Missense,NC_000001.11,114716123
NRAS,c.181C>A,p.Q61K,G,T,Substitution - Missense,NC_000001.11,114713909
NRAS,c.183A>T,p.Q61H,T,A,Substitution - Missense,NC_000001.11,114713907
NRAS,c.34G>T,p.G12C,C,A,Substitution - Missense,NC_000001.11,114716127
NRAS,c.37G>C,p.G13R,C,G,Substitution - Missense,NC_000001.11,114716124
NRAS,c.38G>T,p.G13V,C,A,Substitution - Missense,NC_000001.11,114716123
NRAS,c.35G>C,p.G12A,C,G,Substitution - Missense,NC_000001.11,114716126
NRAS,c.35G>T,p.G12V,C,A,Substitution - Missense,NC_000001.11,114716126
NRAS,c.181C>G,p.Q61E,G,C,Substitution - Missense,NC_000001.11,114713909
NRAS,c.182A>T,p.Q61L,T,A,Substitution - Missense,NC_000001.11,114713908
NRAS,c.37G>T,p.G13C,C,A,Substitution - Missense,NC_000001.11,114716124
TP53,c.422G>A,p.C141Y,C,T,Substitution - Missense,NC_000017.11,7675190
TP53,c.749C>T,p.P250L,G,A,Substitution - Missense,NC_000017.11,7674214
TP53,c.725G>T,p.C242F,C,A,Substitution - Missense,NC_000017.11,7674238
TP53,c.614A>G,p.Y205C,T,C,Substitution - Missense,NC_000017.11,7674917
TP53,c.743G>T,p.R248L,C,A,Substitution - Missense,NC_000017.11,7674220
TP53,c.818G>C,p.R273P,C,G,Substitution - Missense,NC_000017.11,7673802
TP53,c.641A>G,p.H214R,T,C,Substitution - Missense,NC_000017.11,7674890
TP53,c.844C>T,p.R282W,G,A,Substitution - Missense,NC_000017.11,7673776
TP53,c.796G>A,p.G266R,C,T,Substitution - Missense,NC_000017.11,7673824
TP53,c.464C>A,p.T155N,G,T,Substitution - Missense,NC_000017.11,7675148
TP53,c.659A>G,p.Y220C,T,C,Substitution - Missense,NC_000017.11,7674872
TP53,c.811G>A,p.E271K,C,T,Substitution - Missense,NC_000017.11,7673809
TP53,c.797G>T,p.G266V,C,A,Substitution - Missense,NC_000017.11,7673823
TP53,c.701A>G,p.Y234C,T,C,Substitution - Missense,NC_000017.11,7674262
TP53,c.733G>A,p.G245S,C,T,Substitution - Missense,NC_000017.11,7674230
TP53,c.770T>A,p.L257Q,A,T,Substitution - Missense,NC_000017.11,7674193
TP53,c.832C>T,p.P278S,G,A,Substitution - Missense,NC_000017.11,7673788
TP53,c.711G>A,p.M237I,C,T,Substitution - Missense,NC_000017.11,7674252
TP53,c.743G>A,p.R248Q,C,T,Substitution - Missense,NC_000017.11,7674220
TP53,c.581T>G,p.L194R,A,C,Substitution - Missense,NC_000017.11,7674950
TP53,c.817C>G,p.R273G,G,C,Substitution - Missense,NC_000017.11,7673803
TP53,c.523C>T,p.R175C,G,A,Substitution - Missense,NC_000017.11,7675089
TP53,c.527G>A,p.C176Y,C,T,Substitution - Missense,NC_000017.11,7675085
TP53,c.535C>T,p.H179Y,G,A,Substitution - Missense,NC_000017.11,7675077
TP53,c.745A>G,p.R249G,T,C,Substitution - Missense,NC_000017.11,7674218
TP53,c.809T>C,p.F270S,A,G,Substitution - Missense,NC_000017.11,7673811
TP53,c.824G>A,p.C275Y,C,T,Substitution - Missense,NC_000017.11,7673796
TP53,c.730G>A,p.G244S,C,T,Substitution - Missense,NC_000017.11,7674233
TP53,c.747G>T,p.R249S,C,A,Substitution - Missense,NC_000017.11,7674216
TP53,c.646G>A,p.V216M,C,T,Substitution - Missense,NC_000017.11,7674885
TP53,c.329G>T,p.R110L,C,A,Substitution - Missense,NC_000017.11,7676040
TP53,c.742C>G,p.R248G,G,C,Substitution - Missense,NC_000017.11,7674221
TP53,c.817C>T,p.R273C,G,A,Substitution - Missense,NC_000017.11,7673803
TP53,c.818G>T,p.R273L,C,A,Substitution - Missense,NC_000017.11,7673802
TP53,c.832C>G,p.P278A,G,C,Substitution - Missense,NC_000017.11,7673788
TP53,c.1010G>T,p.R337L,C,A,Substitution - Missense,NC_000017.11,7670699
TP53,c.841G>C,p.D281H,C,G,Substitution - Missense,NC_000017.11,7673779
TP53,c.523C>G,p.R175G,G,C,Substitution - Missense,NC_000017.11,7675089
TP53,c.475G>C,p.A159P,C,G,Substitution - Missense,NC_000017.11,7675137
TP53,c.733G>T,p.G245C,C,A,Substitution - Missense,NC_000017.11,7674230
TP53,c.517G>A,p.V173M,C,T,Substitution - Missense,NC_000017.11,7675095
TP53,c.577C>T,p.H193Y,G,A,Substitution - Missense,NC_000017.11,7674954
TP53,c.818G>A,p.R273H,C,T,Substitution - Missense,NC_000017.11,7673802
TP53,c.853G>A,p.E285K,C,T,Substitution - Missense,NC_000017.11,7673767
TP53,c.473G>T,p.R158L,C,A,Substitution - Missense,NC_000017.11,7675139
TP53,c.524G>A,p.R175H,C,T,Substitution - Missense,NC_000017.11,7675088
TP53,c.707A>G,p.Y236C,T,C,Substitution - Missense,NC_000017.11,7674256
TP53,c.536A>G,p.H179R,T,C,Substitution - Missense,NC_000017.11,7675076
TP53,c.524G>T,p.R175L,C,A,Substitution - Missense,NC_000017.11,7675088
TP53,c.487T>C,p.Y163H,A,G,Substitution - Missense,NC_000017.11,7675125
TP53,c.713G>T,p.C238F,C,A,Substitution - Missense,NC_000017.11,7674250
TP53,c.578A>T,p.H193L,T,A,Substitution - Missense,NC_000017.11,7674953
TP53,c.713G>A,p.C238Y,C,T,Substitution - Missense,NC_000017.11,7674250
TP53,c.488A>G,p.Y163C,T,C,Substitution - Missense,NC_000017.11,7675124
TP53,c.734G>A,p.G245D,C,T,Substitution - Missense,NC_000017.11,7674229
TP53,c.584T>C,p.I195T,A,G,Substitution - Missense,NC_000017.11,7674947
TP53,c.476C>T,p.A159V,G,A,Substitution - Missense,NC_000017.11,7675136
TP53,c.527G>T,p.C176F,C,A,Substitution - Missense,NC_000017.11,7675085
TP53,c.313G>C,p.G105R,C,G,Substitution - Missense,NC_000017.11,7676056
TP53,c.856G>A,p.E286K,C,T,Substitution - Missense,NC_000017.11,7673764
TP53,c.838A>G,p.R280G,T,C,Substitution - Missense,NC_000017.11,7673782
TP53,c.839G>C,p.R280T,C,G,Substitution - Missense,NC_000017.11,7673781
TP53,c.743G>C,p.R248P,C,G,Substitution - Missense,NC_000017.11,7674220
TP53,c.469G>T,p.V157F,C,A,Substitution - Missense,NC_000017.11,7675143
TP53,c.817C>A,p.R273S,G,T,Substitution - Missense,NC_000017.11,7673803
TP53,c.814G>A,p.V272M,C,T,Substitution - Missense,NC_000017.11,7673806
TP53,c.715A>G,p.N239D,T,C,Substitution - Missense,NC_000017.11,7674248
TP53,c.734G>T,p.G245V,C,A,Substitution - Missense,NC_000017.11,7674229
TP53,c.722C>T,p.S241F,G,A,Substitution - Missense,NC_000017.11,7674241
TP53,c.722C>G,p.S241C,G,C,Substitution - Missense,NC_000017.11,7674241
TP53,c.578A>G,p.H193R,T,C,Substitution - Missense,NC_000017.11,7674953
TP53,c.421T>G,p.C141G,A,C,Substitution - Missense,NC_000017.11,7675191
TP53,c.742C>T,p.R248W,G,A,Substitution - Missense,NC_000017.11,7674221
BRAF,c.1799T>C,p.V600A,A,G,Substitution - Missense,NC_000007.14,140753336
BRAF,c.1801A>G,p.K601E,T,C,Substitution - Missense,NC_000007.14,140753334
BRAF,c.1799T>G,p.V600G,A,C,Substitution - Missense,NC_000007.14,140753336
BRAF,c.1798G>T,p.V600L,C,A,Substitution - Missense,NC_000007.14,140753337
BRAF,c.1798G>C,p.V600L,C,G,Substitution - Missense,NC_000007.14,140753337
BRAF,c.1799T>A,p.V600E,A,T,Substitution - Missense,NC_000007.14,140753336
BRAF,c.1798G>A,p.V600M,C,T,Substitution - Missense,NC_000007.14,140753337
PIK3CA,c.1635G>C,p.E545D,G,C,Substitution - Missense,NC_000003.12,179218305
PIK3CA,c.3139C>T,p.H1047Y,C,T,Substitution - Missense,NC_000003.12,179234296
PIK3CA,c.1636C>A,p.Q546K,C,A,Substitution - Missense,NC_000003.12,179218306
PIK3CA,c.3073A>G,p.T1025A,A,G,Substitution - Missense,NC_000003.12,179234230
PIK3CA,c.3129G>A,p.M1043I,G,A,Substitution - Missense,NC_000003.12,179234286
PIK3CA,c.1634A>G,p.E545G,A,G,Substitution - Missense,NC_000003.12,179218304
PIK3CA,c.2908G>A,p.E970K,G,A,Substitution - Missense,NC_000003.12,179230348
PIK3CA,c.1031T>G,p.V344G,T,G,Substitution - Missense,NC_000003.12,179203761
PIK3CA,c.1633G>A,p.E545K,G,A,Substitution - Missense,NC_000003.12,179218303
PIK3CA,c.1624G>C,p.E542Q,G,C,Substitution - Missense,NC_000003.12,179218294
PIK3CA,c.1636C>G,p.Q546E,C,G,Substitution - Missense,NC_000003.12,179218306
PIK3CA,c.2176G>A,p.E726K,G,A,Substitution - Missense,NC_000003.12,179221146
PIK3CA,c.1625A>T,p.E542V,A,T,Substitution - Missense,NC_000003.12,179218295
PIK3CA,c.1033A>C,p.N345H,A,C,Substitution - Missense,NC_000003.12,179203763
PIK3CA,c.3140A>T,p.H1047L,A,T,Substitution - Missense,NC_000003.12,179234297
PIK3CA,c.3129G>T,p.M1043I,G,T,Substitution - Missense,NC_000003.12,179234286
PIK3CA,c.1634A>C,p.E545A,A,C,Substitution - Missense,NC_000003.12,179218304
PIK3CA,c.1634A>T,p.E545V,A,T,Substitution - Missense,NC_000003.12,179218304
PIK3CA,c.263G>A,p.R88Q,G,A,Substitution - Missense,NC_000003.12,179199088
PIK3CA,c.323G>A,p.R108H,G,A,Substitution - Missense,NC_000003.12,179199148
PIK3CA,c.1357G>A,p.E453K,G,A,Substitution - Missense,NC_000003.12,179210291
PIK3CA,c.331A>G,p.K111E,A,G,Substitution - Missense,NC_000003.12,179199156
PIK3CA,c.3127A>G,p.M1043V,A,G,Substitution - Missense,NC_000003.12,179234284
PIK3CA,c.1034A>C,p.N345T,A,C,Substitution - Missense,NC_000003.12,179203764
PIK3CA,c.1030G>A,p.V344M,G,A,Substitution - Missense,NC_000003.12,179203760
PIK3CA,c.353G>A,p.G118D,G,A,Substitution - Missense,NC_000003.12,179199690
PIK3CA,c.3140A>G,p.H1047R,A,G,Substitution - Missense,NC_000003.12,179234297
PIK3CA,c.1035T>A,p.N345K,T,A,Substitution - Missense,NC_000003.12,179203765
PIK3CA,c.1625A>G,p.E542G,A,G,Substitution - Missense,NC_000003.12,179218295
PIK3CA,c.1624G>A,p.E542K,G,A,Substitution - Missense,NC_000003.12,179218294
PIK3CA,c.1034A>T,p.N345I,A,T,Substitution - Missense,NC_000003.12,179203764
PIK3CA,c.1633G>C,p.E545Q,G,C,Substitution - Missense,NC_000003.12,179218303
PIK3CA,c.1616C>G,p.P539R,C,G,Substitution - Missense,NC_000003.12,179218286
PIK3CA,c.112C>T,p.R38C,C,T,Substitution - Missense,NC_000003.12,179198937
PIK3CA,c.3062A>G,p.Y1021C,A,G,Substitution - Missense,NC_000003.12,179234219
PIK3CA,c.1258T>C,p.C420R,T,C,Substitution - Missense,NC_000003.12,179210192
PIK3CA,c.1625A>C,p.E542A,A,C,Substitution - Missense,NC_000003.12,179218295
PIK3CA,c.3141T>G,p.H1047Q,T,G,Substitution - Missense,NC_000003.12,179234298
PIK3CA,c.1635G>T,p.E545D,G,T,Substitution - Missense,NC_000003.12,179218305
APC,c.70C>T,p.R24*,C,T,Substitution - Nonsense,NC_000005.10,112754960
APC,c.76G>T,p.E26*,G,T,Substitution - Nonsense,NC_000005.10,112754966
APC,c.148C>T,p.Q50*,C,T,Substitution - Nonsense,NC_000005.10,112766338
APC,c.157G>T,p.G53*,G,T,Substitution - Nonsense,NC_000005.10,112766347
APC,c.220G>T,p.E74*,G,T,Substitution - Nonsense,NC_000005.10,112766410
APC,c.350C>A,p.S117*,C,A,Substitution - Nonsense,NC_000005.10,112767318
APC,c.385G>T,p.E129*,G,T,Substitution - Nonsense,NC_000005.10,112767353
APC,c.425C>A,p.S142*,C,A,Substitution - Nonsense,NC_000005.10,112775631
APC,c.499A>T,p.K167*,A,T,Substitution - Nonsense,NC_000005.10,112775705
APC,c.521T>A,p.L174*,T,A,Substitution - Nonsense,NC_000005.10,112775727
APC,c.539T>G,p.L180*,T,G,Substitution - Nonsense,NC_000005.10,112780797
APC,c.562C>T,p.Q188*,C,T,Substitution - Nonsense,NC_000005.10,112780820
APC,c.568G>T,p.E190*,G,T,Substitution - Nonsense,NC_000005.10,112780826
APC,c.574G>T,p.E192*,G,T,Substitution - Nonsense,NC_000005.10,112780832
APC,c.583C>T,p.Q195*,C,T,Substitution - Nonsense,NC_000005.10,112780841
APC,c.604G>T,p.E202*,G,T,Substitution - Nonsense,NC_000005.10,112780862
APC,c.607C>T,p.Q203*,C,T,Substitution - Nonsense,NC_000005.10,112780865
APC,c.634A>T,p.K212*,A,T,Substitution - Nonsense,NC_000005.10,112780892
APC,c.637C>T,p.R213*,C,T,Substitution - Nonsense,NC_000005.10,112780895
APC,c.643C>T,p.Q215*,C,T,Substitution - Nonsense,NC_000005.10,112780901
APC,c.667C>T,p.Q223*,C,T,Substitution - Nonsense,NC_000005.10,112792467
APC,c.673G>T,p.E225*,G,T,Substitution - Nonsense,NC_000005.10,112792473
APC,c.694C>T,p.R232*,C,T,Substitution - Nonsense,NC_000005.10,112792494
APC,c.704T>A,p.L235*,T,A,Substitution - Nonsense,NC_000005.10,112792504
APC,c.706C>T,p.Q236*,C,T,Substitution - Nonsense,NC_000005.10,112792506
APC,c.712C>T,p.Q238*,C,T,Substitution - Nonsense,NC_000005.10,112792512
APC,c.734C>A,p.S245*,C,A,Substitution - Nonsense,NC_000005.10,112801283
APC,c.761C>G,p.S254*,C,G,Substitution - Nonsense,NC_000005.10,112801310
APC,c.772G>T,p.E258*,G,T,Substitution - Nonsense,NC_000005.10,112801321
APC,c.778C>T,p.Q260*,C,T,Substitution - Nonsense,NC_000005.10,112801327
APC,c.784G>T,p.E262*,G,T,Substitution - Nonsense,NC_000005.10,112801333
APC,c.790C>T,p.Q264*,C,T,Substitution - Nonsense,NC_000005.10,112801339
APC,c.799G>T,p.G267*,G,T,Substitution - Nonsense,NC_000005.10,112801348
APC,c.802G>T,p.E268*,G,T,Substitution - Nonsense,NC_000005.10,112801351
APC,c.832C>T,p.Q278*,C,T,Substitution - Nonsense,NC_000005.10,112801381
APC,c.847C>T,p.R283*,C,T,Substitution - Nonsense,NC_000005.10,112815507
APC,c.859G>T,p.E287*,G,T,Substitution - Nonsense,NC_000005.10,112815519
APC,c.904C>T,p.R302*,C,T,Substitution - Nonsense,NC_000005.10,112815564
APC,c.925G>T,p.G309*,G,T,Substitution - Nonsense,NC_000005.10,112815585
APC,c.931A>T,p.K311*,A,T,Substitution - Nonsense,NC_000005.10,112815591
APC,c.950C>A,p.S317*,C,A,Substitution - Nonsense,NC_000005.10,112818982
APC,c.994C>T,p.R332*,C,T,Substitution - Nonsense,NC_000005.10,112819026
APC,c.1042C>T,p.R348*,C,T,Substitution - Nonsense,NC_000005.10,112819074
APC,c.1111G>T,p.G371*,G,T,Substitution - Nonsense,NC_000005.10,112819143
APC,c.1178C>A,p.S393*,C,A,Substitution - Nonsense,NC_000005.10,112819210
APC,c.1213C>T,p.R405*,C,T,Substitution - Nonsense,NC_000005.10,112819245
APC,c.1234C>T,p.Q412*,C,T,Substitution - Nonsense,NC_000005.10,112819266
APC,c.1252G>T,p.E418*,G,T,Substitution - Nonsense,NC_000005.10,112819284
APC,c.1262G>A,p.W421*,G,A,Substitution - Nonsense,NC_000005.10,112819294
APC,c.1263G>A,p.W421*,G,A,Substitution - Nonsense,NC_000005.10,112819295
APC,c.1269G>A,p.W423*,G,A,Substitution - Nonsense,NC_000005.10,112819301
APC,c.1282G>T,p.E428*,G,T,Substitution - Nonsense,NC_000005.10,112819314
APC,c.1333C>T,p.Q445*,C,T,Substitution - Nonsense,NC_000005.10,112821916
APC,c.1363A>T,p.K455*,A,T,Substitution - Nonsense,NC_000005.10,112821946
APC,c.1370C>G,p.S457*,C,G,Substitution - Nonsense,NC_000005.10,112821953
APC,c.1370C>A,p.S457*,C,A,Substitution - Nonsense,NC_000005.10,112821953
APC,c.1378G>T,p.E460*,G,T,Substitution - Nonsense,NC_000005.10,112821961
APC,c.1381G>T,p.E461*,G,T,Substitution - Nonsense,NC_000005.10,112821964
APC,c.1429G>T,p.E477*,G,T,Substitution - Nonsense,NC_000005.10,112827128
APC,c.1436T>A,p.L479*,T,A,Substitution - Nonsense,NC_000005.10,112827135
APC,c.1492A>T,p.R498*,A,T,Substitution - Nonsense,NC_000005.10,112827191
APC,c.1495C>T,p.R499*,C,T,Substitution - Nonsense,NC_000005.10,112827194
APC,c.1504G>T,p.G502*,G,T,Substitution - Nonsense,NC_000005.10,112827203
APC,c.1560C>A,p.C520*,C,A,Substitution - Nonsense,NC_000005.10,112827940
APC,c.1575C>A,p.C525*,C,A,Substitution - Nonsense,NC_000005.10,112827955
APC,c.1594C>T,p.Q532*,C,T,Substitution - Nonsense,NC_000005.10,112827974
APC,c.1600A>T,p.K534*,A,T,Substitution - Nonsense,NC_000005.10,112827980
APC,c.1606G>T,p.E536*,G,T,Substitution - Nonsense,NC_000005.10,112827986
APC,c.1621C>T,p.Q541*,C,T,Substitution - Nonsense,NC_000005.10,112828001
APC,c.1624C>T,p.Q542*,C,T,Substitution - Nonsense,NC_000005.10,112828004
APC,c.1658G>A,p.W553*,G,A,Substitution - Nonsense,NC_000005.10,112828887
APC,c.1659G>A,p.W553*,G,A,Substitution - Nonsense,NC_000005.10,112828888
APC,c.1660C>T,p.R554*,C,T,Substitution - Nonsense,NC_000005.10,112828889
APC,c.1678A>T,p.K560*,A,T,Substitution - Nonsense,NC_000005.10,112828907
APC,c.1690C>T,p.R564*,C,T,Substitution - Nonsense,NC_000005.10,112828919
APC,c.1720G>T,p.E574*,G,T,Substitution - Nonsense,NC_000005.10,112828949
APC,c.1732G>T,p.E578*,G,T,Substitution - Nonsense,NC_000005.10,112828961
APC,c.1738A>T,p.K580*,A,T,Substitution - Nonsense,NC_000005.10,112828967
APC,c.1744G>T,p.E582*,G,T,Substitution - Nonsense,NC_000005.10,112834951
APC,c.1748C>G,p.S583*,C,G,Substitution - Nonsense,NC_000005.10,112834955
APC,c.1748C>A,p.S583*,C,A,Substitution - Nonsense,NC_000005.10,112834955
APC,c.1756A>T,p.K586*,A,T,Substitution - Nonsense,NC_000005.10,112834963
APC,c.1775T>G,p.L592*,T,G,Substitution - Nonsense,NC_000005.10,112834982
APC,c.1775T>A,p.L592*,T,A,Substitution - Nonsense,NC_000005.10,112834982
APC,c.1778G>A,p.W593*,G,A,Substitution - Nonsense,NC_000005.10,112834985
APC,c.1787C>G,p.S596*,C,G,Substitution - Nonsense,NC_000005.10,112834994
APC,c.1787C>A,p.S596*,C,A,Substitution - Nonsense,NC_000005.10,112834994
APC,c.1801G>T,p.E601*,G,T,Substitution - Nonsense,NC_000005.10,112835008
APC,c.1873C>T,p.Q625*,C,T,Substitution - Nonsense,NC_000005.10,112835080
APC,c.1897G>T,p.E633*,G,T,Substitution - Nonsense,NC_000005.10,112835104
APC,c.1903G>T,p.G635*,G,T,Substitution - Nonsense,NC_000005.10,112835110
APC,c.1916T>G,p.L639*,T,G,Substitution - Nonsense,NC_000005.10,112835123
APC,c.1916T>A,p.L639*,T,A,Substitution - Nonsense,NC_000005.10,112835123
APC,c.1960C>T,p.Q654*,C,T,Substitution - Nonsense,NC_000005.10,112837554
APC,c.1972G>T,p.E658*,G,T,Substitution - Nonsense,NC_000005.10,112837566
APC,c.1987C>T,p.Q663*,C,T,Substitution - Nonsense,NC_000005.10,112837581
APC,c.1994T>G,p.L665*,T,G,Substitution - Nonsense,NC_000005.10,112837588
APC,c.1994T>A,p.L665*,T,A,Substitution - Nonsense,NC_000005.10,112837588
APC,c.1999C>T,p.Q667*,C,T,Substitution - Nonsense,NC_000005.10,112837593
APC,c.2008A>T,p.K670*,A,T,Substitution - Nonsense,NC_000005.10,112837602
APC,c.2051T>A,p.L684*,T,A,Substitution - Nonsense,NC_000005.10,112837645
APC,c.2054G>A,p.W685*,G,A,Substitution - Nonsense,NC_000005.10,112837648
APC,c.2055G>A,p.W685*,G,A,Substitution - Nonsense,NC_000005.10,112837649
APC,c.2063C>A,p.S688*,C,A,Substitution - Nonsense,NC_000005.10,112837657
APC,c.2077A>T,p.K693*,A,T,Substitution - Nonsense,NC_000005.10,112837671
APC,c.2083C>T,p.Q695*,C,T,Substitution - Nonsense,NC_000005.10,112837677
APC,c.2086G>T,p.E696*,G,T,Substitution - Nonsense,NC_000005.10,112837680
APC,c.2097G>A,p.W699*,G,A,Substitution - Nonsense,NC_000005.10,112837691
APC,c.2138C>G,p.S713*,C,G,Substitution - Nonsense,NC_000005.10,112837732
APC,c.2138C>A,p.S713*,C,A,Substitution - Nonsense,NC_000005.10,112837732
APC,c.2206A>T,p.K736*,A,T,Substitution - Nonsense,NC_000005.10,112837800
APC,c.2240C>G,p.S747*,C,G,Substitution - Nonsense,NC_000005.10,112837834
APC,c.2240C>A,p.S747*,C,A,Substitution - Nonsense,NC_000005.10,112837834
APC,c.2269C>T,p.Q757*,C,T,Substitution - Nonsense,NC_000005.10,112837863
APC,c.2281G>T,p.E761*,G,T,Substitution - Nonsense,NC_000005.10,112837875
APC,c.2287G>T,p.E763*,G,T,Substitution - Nonsense,NC_000005.10,112837881
APC,c.2291T>G,p.L764*,T,G,Substitution - Nonsense,NC_000005.10,112837885
APC,c.2291T>A,p.L764*,T,A,Substitution - Nonsense,NC_000005.10,112837885
APC,c.2299C>T,p.Q767*,C,T,Substitution - Nonsense,NC_000005.10,112837893
APC,c.2306T>A,p.L769*,T,A,Substitution - Nonsense,NC_000005.10,112837900
APC,c.2309C>G,p.S770*,C,G,Substitution - Nonsense,NC_000005.10,112837903
APC,c.2311G>T,p.E771*,G,T,Substitution - Nonsense,NC_000005.10,112837905
APC,c.2336T>G,p.L779*,T,G,Substitution - Nonsense,NC_000005.10,112837930
APC,c.2365C>T,p.Q789*,C,T,Substitution - Nonsense,NC_000005.10,112837959
APC,c.2368A>T,p.R790*,A,T,Substitution - Nonsense,NC_000005.10,112837962
APC,c.2374A>T,p.K792*,A,T,Substitution - Nonsense,NC_000005.10,112837968
APC,c.2377C>T,p.Q793*,C,T,Substitution - Nonsense,NC_000005.10,112837971
APC,c.2413C>T,p.R805*,C,T,Substitution - Nonsense,NC_000005.10,112838007
APC,c.2432C>G,p.S811*,C,G,Substitution - Nonsense,NC_000005.10,112838026
APC,c.2468C>A,p.S823*,C,A,Substitution - Nonsense,NC_000005.10,112838062
APC,c.2475T>G,p.Y825*,T,G,Substitution - Nonsense,NC_000005.10,112838069
APC,c.2475T>A,p.Y825*,T,A,Substitution - Nonsense,NC_000005.10,112838069
APC,c.2492T>G,p.L831*,T,G,Substitution - Nonsense,NC_000005.10,112838086
APC,c.2507C>A,p.S836*,C,A,Substitution - Nonsense,NC_000005.10,112838101
APC,c.2510C>A,p.S837*,C,A,Substitution - Nonsense,NC_000005.10,112838104
APC,c.2512A>T,p.R838*,A,T,Substitution - Nonsense,NC_000005.10,112838106
APC,c.2515G>T,p.G839*,G,T,Substitution - Nonsense,NC_000005.10,112838109
APC,c.2539G>T,p.E847*,G,T,Substitution - Nonsense,NC_000005.10,112838133
APC,c.2548A>T,p.R850*,A,T,Substitution - Nonsense,NC_000005.10,112838142
APC,c.2555T>A,p.L852*,T,A,Substitution - Nonsense,NC_000005.10,112838149
APC,c.2560A>T,p.R854*,A,T,Substitution - Nonsense,NC_000005.10,112838154
APC,c.2589C>G,p.Y863*,C,G,Substitution - Nonsense,NC_000005.10,112838183
APC,c.2589C>A,p.Y863*,C,A,Substitution - Nonsense,NC_000005.10,112838183
APC,c.2602G>T,p.E868*,G,T,Substitution - Nonsense,NC_000005.10,112838196
APC,c.2626C>T,p.R876*,C,T,Substitution - Nonsense,NC_000005.10,112838220
APC,c.2635C>T,p.Q879*,C,T,Substitution - Nonsense,NC_000005.10,112838229
APC,c.2656C>T,p.Q886*,C,T,Substitution - Nonsense,NC_000005.10,112838250
APC,c.2665A>T,p.K889*,A,T,Substitution - Nonsense,NC_000005.10,112838259
APC,c.2674G>T,p.E892*,G,T,Substitution - Nonsense,NC_000005.10,112838268
APC,c.2677G>T,p.E893*,G,T,Substitution - Nonsense,NC_000005.10,112838271
APC,c.2684C>G,p.S895*,C,G,Substitution - Nonsense,NC_000005.10,112838278
APC,c.2684C>A,p.S895*,C,A,Substitution - Nonsense,NC_000005.10,112838278
APC,c.2704G>T,p.E902*,G,T,Substitution - Nonsense,NC_000005.10,112838298
APC,c.2710A>T,p.R904*,A,T,Substitution - Nonsense,NC_000005.10,112838304
APC,c.2731G>T,p.E911*,G,T,Substitution - Nonsense,NC_000005.10,112838325
APC,c.2735T>A,p.L912*,T,A,Substitution - Nonsense,NC_000005.10,112838329
APC,c.2742T>A,p.C914*,T,A,Substitution - Nonsense,NC_000005.10,112838336
APC,c.2752G>T,p.E918*,G,T,Substitution - Nonsense,NC_000005.10,112838346
APC,c.2767A>T,p.R923*,A,T,Substitution - Nonsense,NC_000005.10,112838361
APC,c.2795C>G,p.S932*,C,G,Substitution - Nonsense,NC_000005.10,112838389
APC,c.2795C>A,p.S932*,C,A,Substitution - Nonsense,NC_000005.10,112838389
APC,c.2805C>G,p.Y935*,C,G,Substitution - Nonsense,NC_000005.10,112838399
APC,c.2805C>A,p.Y935*,C,A,Substitution - Nonsense,NC_000005.10,112838399
APC,c.2815A>T,p.K939*,A,T,Substitution - Nonsense,NC_000005.10,112838409
APC,c.2819C>A,p.S940*,C,A,Substitution - Nonsense,NC_000005.10,112838413
APC,c.2821G>T,p.E941*,G,T,Substitution - Nonsense,NC_000005.10,112838415
APC,c.2828C>G,p.S943*,C,G,Substitution - Nonsense,NC_000005.10,112838422
APC,c.2828C>A,p.S943*,C,A,Substitution - Nonsense,NC_000005.10,112838422
APC,c.2841T>A,p.C947*,T,A,Substitution - Nonsense,NC_000005.10,112838435
APC,c.2853T>A,p.Y951*,T,A,Substitution - Nonsense,NC_000005.10,112838447
APC,c.2861T>G,p.L954*,T,G,Substitution - Nonsense,NC_000005.10,112838455
APC,c.2861T>A,p.L954*,T,A,Substitution - Nonsense,NC_000005.10,112838455
APC,c.2863G>T,p.E955*,G,T,Substitution - Nonsense,NC_000005.10,112838457
APC,c.2868C>A,p.Y956*,C,A,Substitution - Nonsense,NC_000005.10,112838462
APC,c.2872A>T,p.R958*,A,T,Substitution - Nonsense,NC_000005.10,112838466
APC,c.2879C>A,p.S960*,C,A,Substitution - Nonsense,NC_000005.10,112838473
APC,c.2891T>G,p.L964*,T,G,Substitution - Nonsense,NC_000005.10,112838485
APC,c.2891T>A,p.L964*,T,A,Substitution - Nonsense,NC_000005.10,112838485
APC,c.2926A>T,p.R976*,A,T,Substitution - Nonsense,NC_000005.10,112838520
APC,c.2932C>T,p.Q978*,C,T,Substitution - Nonsense,NC_000005.10,112838526
APC,c.2938A>T,p.K980*,A,T,Substitution - Nonsense,NC_000005.10,112838532
APC,c.2950G>T,p.E984*,G,T,Substitution - Nonsense,NC_000005.10,112838544
APC,c.2958T>A,p.Y986*,T,A,Substitution - Nonsense,NC_000005.10,112838552
APC,c.2962G>T,p.E988*,G,T,Substitution - Nonsense,NC_000005.10,112838556
APC,c.2971G>T,p.E991*,G,T,Substitution - Nonsense,NC_000005.10,112838565
APC,c.2977A>T,p.K993*,A,T,Substitution - Nonsense,NC_000005.10,112838571
APC,c.2985C>A,p.C995*,C,A,Substitution - Nonsense,NC_000005.10,112838579
APC,c.2995C>T,p.Q999*,C,T,Substitution - Nonsense,NC_000005.10,112838589
APC,c.3019A>T,p.K1007*,A,T,Substitution - Nonsense,NC_000005.10,112838613
APC,c.3058G>T,p.E1020*,G,T,Substitution - Nonsense,NC_000005.10,112838652
APC,c.3088A>T,p.K1030*,A,T,Substitution - Nonsense,NC_000005.10,112838682
APC,c.3093T>G,p.Y1031*,T,G,Substitution - Nonsense,NC_000005.10,112838687
APC,c.3093T>A,p.Y1031*,T,A,Substitution - Nonsense,NC_000005.10,112838687
APC,c.3095C>G,p.S1032*,C,G,Substitution - Nonsense,NC_000005.10,112838689
APC,c.3100G>T,p.E1034*,G,T,Substitution - Nonsense,NC_000005.10,112838694
APC,c.3103C>T,p.Q1035*,C,T,Substitution - Nonsense,NC_000005.10,112838697
APC,c.3115G>T,p.G1039*,G,T,Substitution - Nonsense,NC_000005.10,112838709
APC,c.3121C>T,p.Q1041*,C,T,Substitution - Nonsense,NC_000005.10,112838715
APC,c.3133C>T,p.Q1045*,C,T,Substitution - Nonsense,NC_000005.10,112838727
APC,c.3139G>T,p.E1047*,G,T,Substitution - Nonsense,NC_000005.10,112838733
APC,c.3146G>A,p.W1049*,G,A,Substitution - Nonsense,NC_000005.10,112838740
APC,c.3147G>A,p.W1049*,G,A,Substitution - Nonsense,NC_000005.10,112838741
APC,c.3169G>T,p.E1057*,G,T,Substitution - Nonsense,NC_000005.10,112838763
APC,c.3175G>T,p.E1059*,G,T,Substitution - Nonsense,NC_000005.10,112838769
APC,c.3190G>T,p.E1064*,G,T,Substitution - Nonsense,NC_000005.10,112838784
APC,c.3193C>T,p.Q1065*,C,T,Substitution - Nonsense,NC_000005.10,112838787
APC,c.3199C>T,p.Q1067*,C,T,Substitution - Nonsense,NC_000005.10,112838793
APC,c.3203C>A,p.S1068*,C,A,Substitution - Nonsense,NC_000005.10,112838797
APC,c.3211C>T,p.Q1071*,C,T,Substitution - Nonsense,NC_000005.10,112838805
APC,c.3238G>T,p.E1080*,G,T,Substitution - Nonsense,NC_000005.10,112838832
APC,c.3253A>T,p.K1085*,A,T,Substitution - Nonsense,NC_000005.10,112838847
APC,c.3268C>T,p.Q1090*,C,T,Substitution - Nonsense,NC_000005.10,112838862
APC,c.3280G>T,p.G1094*,G,T,Substitution - Nonsense,NC_000005.10,112838874
APC,c.3283C>T,p.Q1095*,C,T,Substitution - Nonsense,NC_000005.10,112838877
APC,c.3286C>T,p.Q1096*,C,T,Substitution - Nonsense,NC_000005.10,112838880
APC,c.3289G>T,p.E1097*,G,T,Substitution - Nonsense,NC_000005.10,112838883
APC,c.3294T>A,p.C1098*,T,A,Substitution - Nonsense,NC_000005.10,112838888
APC,c.3306C>G,p.Y1102*,C,G,Substitution - Nonsense,NC_000005.10,112838900
APC,c.3311C>G,p.S1104*,C,G,Substitution - Nonsense,NC_000005.10,112838905
APC,c.3311C>A,p.S1104*,C,A,Substitution - Nonsense,NC_000005.10,112838905
APC,c.3331G>T,p.E1111*,G,T,Substitution - Nonsense,NC_000005.10,112838925
APC,c.3340C>T,p.R1114*,C,T,Substitution - Nonsense,NC_000005.10,112838934
APC,c.3367C>T,p.Q1123*,C,T,Substitution - Nonsense,NC_000005.10,112838961
APC,c.3379C>T,p.Q1127*,C,T,Substitution - Nonsense,NC_000005.10,112838973
APC,c.3391C>T,p.Q1131*,C,T,Substitution - Nonsense,NC_000005.10,112838985
APC,c.3405T>G,p.Y1135*,T,G,Substitution - Nonsense,NC_000005.10,112838999
APC,c.3406G>T,p.E1136*,G,T,Substitution - Nonsense,NC_000005.10,112839000
APC,c.3433G>T,p.E1145*,G,T,Substitution - Nonsense,NC_000005.10,112839027
APC,c.3441C>G,p.Y1147*,C,G,Substitution - Nonsense,NC_000005.10,112839035
APC,c.3451G>T,p.E1151*,G,T,Substitution - Nonsense,NC_000005.10,112839045
APC,c.3454C>T,p.Q1152*,C,T,Substitution - Nonsense,NC_000005.10,112839048
APC,c.3463G>T,p.E1155*,G,T,Substitution - Nonsense,NC_000005.10,112839057
APC,c.3466G>T,p.E1156*,G,T,Substitution - Nonsense,NC_000005.10,112839060
APC,c.3469G>T,p.E1157*,G,T,Substitution - Nonsense,NC_000005.10,112839063
APC,c.3472A>T,p.R1158*,A,T,Substitution - Nonsense,NC_000005.10,112839066
APC,c.3493A>T,p.K1165*,A,T,Substitution - Nonsense,NC_000005.10,112839087
APC,c.3498T>A,p.Y1166*,T,A,Substitution - Nonsense,NC_000005.10,112839092
APC,c.3502G>T,p.E1168*,G,T,Substitution - Nonsense,NC_000005.10,112839096
APC,c.3505G>T,p.E1169*,G,T,Substitution - Nonsense,NC_000005.10,112839099
APC,c.3523C>T,p.Q1175*,C,T,Substitution - Nonsense,NC_000005.10,112839117
APC,c.3537T>G,p.Y1179*,T,G,Substitution - Nonsense,NC_000005.10,112839131
APC,c.3544A>T,p.K1182*,A,T,Substitution - Nonsense,NC_000005.10,112839138
APC,c.3569C>G,p.S1190*,C,G,Substitution - Nonsense,NC_000005.10,112839163
APC,c.3571C>T,p.Q1191*,C,T,Substitution - Nonsense,NC_000005.10,112839165
APC,c.3574A>T,p.K1192*,A,T,Substitution - Nonsense,NC_000005.10,112839168
APC,c.3577C>T,p.Q1193*,C,T,Substitution - Nonsense,NC_000005.10,112839171
APC,c.3581C>A,p.S1194*,C,A,Substitution - Nonsense,NC_000005.10,112839175
APC,c.3587C>A,p.S1196*,C,A,Substitution - Nonsense,NC_000005.10,112839181
APC,c.3593C>G,p.S1198*,C,G,Substitution - Nonsense,NC_000005.10,112839187
APC,c.3602C>A,p.S1201*,C,A,Substitution - Nonsense,NC_000005.10,112839196
APC,c.3610C>T,p.Q1204*,C,T,Substitution - Nonsense,NC_000005.10,112839204
APC,c.3625G>T,p.E1209*,G,T,Substitution - Nonsense,NC_000005.10,112839219
APC,c.3638C>G,p.S1213*,C,G,Substitution - Nonsense,NC_000005.10,112839232
APC,c.3638C>A,p.S1213*,C,A,Substitution - Nonsense,NC_000005.10,112839232
APC,c.3646G>T,p.E1216*,G,T,Substitution - Nonsense,NC_000005.10,112839240
APC,c.3665C>A,p.S1222*,C,A,Substitution - Nonsense,NC_000005.10,112839259
APC,c.3682C>T,p.Q1228*,C,T,Substitution - Nonsense,NC_000005.10,112839276
APC,c.3688C>T,p.Q1230*,C,T,Substitution - Nonsense,NC_000005.10,112839282
APC,c.3709C>T,p.Q1237*,C,T,Substitution - Nonsense,NC_000005.10,112839303
APC,c.3715A>T,p.R1239*,A,T,Substitution - Nonsense,NC_000005.10,112839309
APC,c.3724C>T,p.Q1242*,C,T,Substitution - Nonsense,NC_000005.10,112839318
APC,c.3730C>T,p.Q1244*,C,T,Substitution - Nonsense,NC_000005.10,112839324
APC,c.3733A>T,p.K1245*,A,T,Substitution - Nonsense,NC_000005.10,112839327
APC,c.3747C>A,p.C1249*,C,A,Substitution - Nonsense,NC_000005.10,112839341
APC,c.3766C>T,p.Q1256*,C,T,Substitution - Nonsense,NC_000005.10,112839360
APC,c.3769G>T,p.E1257*,G,T,Substitution - Nonsense,NC_000005.10,112839363
APC,c.3778C>T,p.Q1260*,C,T,Substitution - Nonsense,NC_000005.10,112839372
APC,c.3793G>T,p.E1265*,G,T,Substitution - Nonsense,NC_000005.10,112839387
APC,c.3810T>A,p.C1270*,T,A,Substitution - Nonsense,NC_000005.10,112839404
APC,c.3815C>G,p.S1272*,C,G,Substitution - Nonsense,NC_000005.10,112839409
APC,c.3815C>A,p.S1272*,C,A,Substitution - Nonsense,NC_000005.10,112839409
APC,c.3827C>G,p.S1276*,C,G,Substitution - Nonsense,NC_000005.10,112839421
APC,c.3827C>A,p.S1276*,C,A,Substitution - Nonsense,NC_000005.10,112839421
APC,c.3830T>A,p.L1277*,T,A,Substitution - Nonsense,NC_000005.10,112839424
APC,c.3833C>A,p.S1278*,C,A,Substitution - Nonsense,NC_000005.10,112839427
APC,c.3839T>A,p.L1280*,T,A,Substitution - Nonsense,NC_000005.10,112839433
APC,c.3842C>G,p.S1281*,C,G,Substitution - Nonsense,NC_000005.10,112839436
APC,c.3842C>A,p.S1281*,C,A,Substitution - Nonsense,NC_000005.10,112839436
APC,c.3845C>G,p.S1282*,C,G,Substitution - Nonsense,NC_000005.10,112839439
APC,c.3845C>A,p.S1282*,C,A,Substitution - Nonsense,NC_000005.10,112839439
APC,c.3850G>T,p.E1284*,G,T,Substitution - Nonsense,NC_000005.10,112839444
APC,c.3856G>T,p.E1286*,G,T,Substitution - Nonsense,NC_000005.10,112839450
APC,c.3862G>T,p.G1288*,G,T,Substitution - Nonsense,NC_000005.10,112839456
APC,c.3880C>T,p.Q1294*,C,T,Substitution - Nonsense,NC_000005.10,112839474
APC,c.3883G>T,p.E1295*,G,T,Substitution - Nonsense,NC_000005.10,112839477
APC,c.3907C>T,p.Q1303*,C,T,Substitution - Nonsense,NC_000005.10,112839501
APC,c.3916G>T,p.E1306*,G,T,Substitution - Nonsense,NC_000005.10,112839510
APC,c.3922A>T,p.K1308*,A,T,Substitution - Nonsense,NC_000005.10,112839516
APC,c.3925G>T,p.E1309*,G,T,Substitution - Nonsense,NC_000005.10,112839519
APC,c.3928A>T,p.K1310*,A,T,Substitution - Nonsense,NC_000005.10,112839522
APC,c.3934G>T,p.G1312*,G,T,Substitution - Nonsense,NC_000005.10,112839528
APC,c.3944C>G,p.S1315*,C,G,Substitution - Nonsense,NC_000005.10,112839538
APC,c.3944C>A,p.S1315*,C,A,Substitution - Nonsense,NC_000005.10,112839538
APC,c.3949G>T,p.E1317*,G,T,Substitution - Nonsense,NC_000005.10,112839543
APC,c.3964G>T,p.E1322*,G,T,Substitution - Nonsense,NC_000005.10,112839558
APC,c.3980C>G,p.S1327*,C,G,Substitution - Nonsense,NC_000005.10,112839574
APC,c.3980C>A,p.S1327*,C,A,Substitution - Nonsense,NC_000005.10,112839574
APC,c.3982C>T,p.Q1328*,C,T,Substitution - Nonsense,NC_000005.10,112839576
APC,c.3991A>T,p.R1331*,A,T,Substitution - Nonsense,NC_000005.10,112839585
APC,c.3997A>T,p.K1333*,A,T,Substitution - Nonsense,NC_000005.10,112839591
APC,c.4012C>T,p.Q1338*,C,T,Substitution - Nonsense,NC_000005.10,112839606
APC,c.4031C>G,p.S1344*,C,G,Substitution - Nonsense,NC_000005.10,112839625
APC,c.4031C>A,p.S1344*,C,A,Substitution - Nonsense,NC_000005.10,112839625
APC,c.4033G>T,p.E1345*,G,T,Substitution - Nonsense,NC_000005.10,112839627
APC,c.4037C>G,p.S1346*,C,G,Substitution - Nonsense,NC_000005.10,112839631
APC,c.4037C>A,p.S1346*,C,A,Substitution - Nonsense,NC_000005.10,112839631
APC,c.4048A>T,p.K1350*,A,T,Substitution - Nonsense,NC_000005.10,112839642
APC,c.4057G>T,p.E1353*,G,T,Substitution - Nonsense,NC_000005.10,112839651
APC,c.4067C>G,p.S1356*,C,G,Substitution - Nonsense,NC_000005.10,112839661
APC,c.4067C>A,p.S1356*,C,A,Substitution - Nonsense,NC_000005.10,112839661
APC,c.4069G>T,p.G1357*,G,T,Substitution - Nonsense,NC_000005.10,112839663
APC,c.4075A>T,p.K1359*,A,T,Substitution - Nonsense,NC_000005.10,112839669
APC,c.4087A>T,p.K1363*,A,T,Substitution - Nonsense,NC_000005.10,112839681
APC,c.4099C>T,p.Q1367*,C,T,Substitution - Nonsense,NC_000005.10,112839693
APC,c.4108A>T,p.K1370*,A,T,Substitution - Nonsense,NC_000005.10,112839702
APC,c.4120G>T,p.E1374*,G,T,Substitution - Nonsense,NC_000005.10,112839714
APC,c.4128T>G,p.Y1376*,T,G,Substitution - Nonsense,NC_000005.10,112839722
APC,c.4128T>A,p.Y1376*,T,A,Substitution - Nonsense,NC_000005.10,112839722
APC,c.4132C>T,p.Q1378*,C,T,Substitution - Nonsense,NC_000005.10,112839726
APC,c.4135G>T,p.E1379*,G,T,Substitution - Nonsense,NC_000005.10,112839729
APC,c.4156A>T,p.R1386*,A,T,Substitution - Nonsense,NC_000005.10,112839750
APC,c.4161T>A,p.C1387*,T,A,Substitution - Nonsense,NC_000005.10,112839755
APC,c.4175C>A,p.S1392*,C,A,Substitution - Nonsense,NC_000005.10,112839769
APC,c.4189G>T,p.E1397*,G,T,Substitution - Nonsense,NC_000005.10,112839783
APC,c.4199C>A,p.S1400*,C,A,Substitution - Nonsense,NC_000005.10,112839793
APC,c.4216C>T,p.Q1406*,C,T,Substitution - Nonsense,NC_000005.10,112839810
APC,c.4222G>T,p.E1408*,G,T,Substitution - Nonsense,NC_000005.10,112839816
APC,c.4230C>A,p.C1410*,C,A,Substitution - Nonsense,NC_000005.10,112839824
APC,c.4234G>T,p.G1412*,G,T,Substitution - Nonsense,NC_000005.10,112839828
APC,c.4282G>T,p.G1428*,G,T,Substitution - Nonsense,NC_000005.10,112839876
APC,c.4285C>T,p.Q1429*,C,T,Substitution - Nonsense,NC_000005.10,112839879
APC,c.4303A>T,p.R1435*,A,T,Substitution - Nonsense,NC_000005.10,112839897
APC,c.4330C>T,p.Q1444*,C,T,Substitution - Nonsense,NC_000005.10,112839924
APC,c.4345A>T,p.K1449*,A,T,Substitution - Nonsense,NC_000005.10,112839939
APC,c.4348C>T,p.R1450*,C,T,Substitution - Nonsense,NC_000005.10,112839942
APC,c.4351G>T,p.E1451*,G,T,Substitution - Nonsense,NC_000005.10,112839945
APC,c.4360A>T,p.K1454*,A,T,Substitution - Nonsense,NC_000005.10,112839954
APC,c.4366A>T,p.K1456*,A,T,Substitution - Nonsense,NC_000005.10,112839960
APC,c.4381G>T,p.E1461*,G,T,Substitution - Nonsense,NC_000005.10,112839975
APC,c.4387A>T,p.R1463*,A,T,Substitution - Nonsense,NC_000005.10,112839981
APC,c.4390G>T,p.E1464*,G,T,Substitution - Nonsense,NC_000005.10,112839984
APC,c.4396G>T,p.G1466*,G,T,Substitution - Nonsense,NC_000005.10,112839990
APC,c.4402A>T,p.K1468*,A,T,Substitution - Nonsense,NC_000005.10,112839996
APC,c.4405C>T,p.Q1469*,C,T,Substitution - Nonsense,NC_000005.10,112839999
APC,c.4429C>T,p.Q1477*,C,T,Substitution - Nonsense,NC_000005.10,112840023
APC,c.4438C>T,p.Q1480*,C,T,Substitution - Nonsense,NC_000005.10,112840032
APC,c.4463T>G,p.L1488*,T,G,Substitution - Nonsense,NC_000005.10,112840057
APC,c.4463T>A,p.L1488*,T,A,Substitution - Nonsense,NC_000005.10,112840057
APC,c.4495G>T,p.G1499*,G,T,Substitution - Nonsense,NC_000005.10,112840089
APC,c.4506T>A,p.C1502*,T,A,Substitution - Nonsense,NC_000005.10,112840100
APC,c.4508C>A,p.S1503*,C,A,Substitution - Nonsense,NC_000005.10,112840102
APC,c.4537G>T,p.E1513*,G,T,Substitution - Nonsense,NC_000005.10,112840131
APC,c.4561G>T,p.E1521*,G,T,Substitution - Nonsense,NC_000005.10,112840155
APC,c.4585C>T,p.Q1529*,C,T,Substitution - Nonsense,NC_000005.10,112840179
APC,c.4588G>T,p.E1530*,G,T,Substitution - Nonsense,NC_000005.10,112840182
APC,c.4606G>T,p.E1536*,G,T,Substitution - Nonsense,NC_000005.10,112840200
APC,c.4616C>G,p.S1539*,C,G,Substitution - Nonsense,NC_000005.10,112840210
APC,c.4616C>A,p.S1539*,C,A,Substitution - Nonsense,NC_000005.10,112840210
APC,c.4618G>T,p.E1540*,G,T,Substitution - Nonsense,NC_000005.10,112840212
APC,c.4621C>T,p.Q1541*,C,T,Substitution - Nonsense,NC_000005.10,112840215
APC,c.4630G>T,p.E1544*,G,T,Substitution - Nonsense,NC_000005.10,112840224
APC,c.4639G>T,p.E1547*,G,T,Substitution - Nonsense,NC_000005.10,112840233
APC,c.4648G>T,p.E1550*,G,T,Substitution - Nonsense,NC_000005.10,112840242
APC,c.4654G>T,p.E1552*,G,T,Substitution - Nonsense,NC_000005.10,112840248
APC,c.4660G>T,p.E1554*,G,T,Substitution - Nonsense,NC_000005.10,112840254
APC,c.4678G>T,p.E1560*,G,T,Substitution - Nonsense,NC_000005.10,112840272
APC,c.4691T>G,p.L1564*,T,G,Substitution - Nonsense,NC_000005.10,112840285
APC,c.4700C>G,p.S1567*,C,G,Substitution - Nonsense,NC_000005.10,112840294
APC,c.4700C>A,p.S1567*,C,A,Substitution - Nonsense,NC_000005.10,112840294
APC,c.4717G>T,p.E1573*,G,T,Substitution - Nonsense,NC_000005.10,112840311
APC,c.4726G>T,p.E1576*,G,T,Substitution - Nonsense,NC_000005.10,112840320
APC,c.4729G>T,p.E1577*,G,T,Substitution - Nonsense,NC_000005.10,112840323
APC,c.5059C>T,p.R1687*,C,T,Substitution - Nonsense,NC_000005.10,112840653
APC,c.5432C>A,p.S1811*,C,A,Substitution - Nonsense,NC_000005.10,112841026
APC,c.5503A>T,p.R1835*,A,T,Substitution - Nonsense,NC_000005.10,112841097
APC,c.5506G>T,p.G1836*,G,T,Substitution - Nonsense,NC_000005.10,112841100
APC,c.5551G>T,p.G1851*,G,T,Substitution - Nonsense,NC_000005.10,112841145
APC,c.5758C>T,p.R1920*,C,T,Substitution - Nonsense,NC_000005.10,112841352
APC,c.6559G>T,p.G2187*,G,T,Substitution - Nonsense,NC_000005.10,112842153
APC,c.6610C>T,p.R2204*,C,T,Substitution - Nonsense,NC_000005.10,112842204
APC,c.6709C>T,p.R2237*,C,T,Substitution - Nonsense,NC_000005.10,112842303
APC,c.6950T>A,p.L2317*,T,A,Substitution - Nonsense,NC_000005.10,112842544
APC,c.7513C>T,p.R2505*,C,T,Substitution - Nonsense,NC_000005.10,112843107
APC,c.8257G>T,p.E2753*,G,T,Substitution - Nonsense,NC_000005.10,112843851
APC,c.8272G>T,p.E2758*,G,T,Substitution - Nonsense,NC_000005.10,112843866
TP53,c.272G>A,p.W91*,C,T,Substitution - Nonsense,NC_000017.11,7676097
TP53,c.281C>A,p.S94*,G,T,Substitution - Nonsense,NC_000017.11,7676088
TP53,c.309C>G,p.Y103*,G,C,Substitution - Nonsense,NC_000017.11,7676060
TP53,c.309C>A,p.Y103*,G,T,Substitution - Nonsense,NC_000017.11,7676060
TP53,c.310C>T,p.Q104*,G,A,Substitution - Nonsense,NC_000017.11,7676059
TP53,c.378C>G,p.Y126*,G,C,Substitution - Nonsense,NC_000017.11,7675234
TP53,c.378C>A,p.Y126*,G,T,Substitution - Nonsense,NC_000017.11,7675234
TP53,c.394A>T,p.K132*,T,A,Substitution - Nonsense,NC_000017.11,7675218
TP53,c.405C>A,p.C135*,G,T,Substitution - Nonsense,NC_000017.11,7675207
TP53,c.406C>T,p.Q136*,G,A,Substitution - Nonsense,NC_000017.11,7675206
TP53,c.430C>T,p.Q144*,G,A,Substitution - Nonsense,NC_000017.11,7675182
TP53,c.438G>A,p.W146*,C,T,Substitution - Nonsense,NC_000017.11,7675174
TP53,c.489C>A,p.Y163*,G,T,Substitution - Nonsense,NC_000017.11,7675123
TP53,c.490A>T,p.K164*,T,A,Substitution - Nonsense,NC_000017.11,7675122
TP53,c.493C>T,p.Q165*,G,A,Substitution - Nonsense,NC_000017.11,7675119
TP53,c.497C>G,p.S166*,G,C,Substitution - Nonsense,NC_000017.11,7675115
TP53,c.497C>A,p.S166*,G,T,Substitution - Nonsense,NC_000017.11,7675115
TP53,c.499C>T,p.Q167*,G,A,Substitution - Nonsense,NC_000017.11,7675113
TP53,c.511G>T,p.E171*,C,A,Substitution - Nonsense,NC_000017.11,7675101
TP53,c.528C>A,p.C176*,G,T,Substitution - Nonsense,NC_000017.11,7675084
TP53,c.538G>T,p.E180*,C,A,Substitution - Nonsense,NC_000017.11,7675074
TP53,c.574C>T,p.Q192*,G,A,Substitution - Nonsense,NC_000017.11,7674957
TP53,c.586C>T,p.R196*,G,A,Substitution - Nonsense,NC_000017.11,7674945
TP53,c.592G>T,p.E198*,C,A,Substitution - Nonsense,NC_000017.11,7674939
TP53,c.637C>T,p.R213*,G,A,Substitution - Nonsense,NC_000017.11,7674894
TP53,c.661G>T,p.E221*,C,A,Substitution - Nonsense,NC_000017.11,7674870
TP53,c.670G>T,p.E224*,C,A,Substitution - Nonsense,NC_000017.11,7674861
TP53,c.708C>G,p.Y236*,G,C,Substitution - Nonsense,NC_000017.11,7674255
TP53,c.708C>A,p.Y236*,G,T,Substitution - Nonsense,NC_000017.11,7674255
TP53,c.726C>A,p.C242*,G,T,Substitution - Nonsense,NC_000017.11,7674237
TP53,c.772G>T,p.E258*,C,A,Substitution - Nonsense,NC_000017.11,7674191
TP53,c.796G>T,p.G266*,C,A,Substitution - Nonsense,NC_000017.11,7673824
TP53,c.811G>T,p.E271*,C,A,Substitution - Nonsense,NC_000017.11,7673809
TP53,c.831T>A,p.C277*,A,T,Substitution - Nonsense,NC_000017.11,7673789
TP53,c.838A>T,p.R280*,T,A,Substitution - Nonsense,NC_000017.11,7673782
TP53,c.853G>T,p.E285*,C,A,Substitution - Nonsense,NC_000017.11,7673767
TP53,c.856G>T,p.E286*,C,A,Substitution - Nonsense,NC_000017.11,7673764
TP53,c.859G>T,p.E287*,C,A,Substitution - Nonsense,NC_000017.11,7673761
TP53,c.874A>T,p.K292*,T,A,Substitution - Nonsense,NC_000017.11,7673746
TP53,c.916C>T,p.R306*,G,A,Substitution - Nonsense,NC_000017.11,7673704
TP53,c.949C>T,p.Q317*,G,A,Substitution - Nonsense,NC_000017.11,7673579
TP53,c.955A>T,p.K319*,T,A,Substitution - Nonsense,NC_000017.11,7673573
TP53,c.976G>T,p.E326*,C,A,Substitution - Nonsense,NC_000017.11,7673552
TP53,c.991C>T,p.Q331*,G,A,Substitution - Nonsense,NC_000017.11,7673537
TP53,c.1015G>T,p.E339*,C,A,Substitution - Nonsense,NC_000017.11,7670694
TP53,c.1024C>T,p.R342*,G,A,Substitution - Nonsense,NC_000017.11,7670685
TP53,c.1027G>T,p.E343*,C,A,Substitution - Nonsense,NC_000017.11,7670682
TP53,c.1045G>T,p.E349*,C,A,Substitution - Nonsense,NC_000017.11,7670664
APC,c.423-1G>A,X141_splice,G,A,Substitution - SpliceSite,NC_000005.10,112775628
APC,c.531+1G>T,X177_splice,G,T,Substitution - SpliceSite,NC_000005.10,112775738
APC,c.532-2A>T,X178_splice,A,T,Substitution - SpliceSite,NC_000005.10,112780788
APC,c.532-1G>T,X178_splice,G,T,Substitution - SpliceSite,NC_000005.10,112780789
APC,c.645+1G>A,X215_splice,G,A,Substitution - SpliceSite,NC_000005.10,112780904
APC,c.645+1G>T,X215_splice,G,T,Substitution - SpliceSite,NC_000005.10,112780904
APC,c.646-2A>T,X216_splice,A,T,Substitution - SpliceSite,NC_000005.10,112792444
APC,c.646-1G>A,X216_splice,G,A,Substitution - SpliceSite,NC_000005.10,112792445
APC,c.730-1G>A,X244_splice,G,A,Substitution - SpliceSite,NC_000005.10,112801278
APC,c.730-1G>T,X244_splice,G,T,Substitution - SpliceSite,NC_000005.10,112801278
APC,c.834+1G>A,X278_splice,G,A,Substitution - SpliceSite,NC_000005.10,112801384
APC,c.834+1G>C,X278_splice,G,C,Substitution - SpliceSite,NC_000005.10,112801384
APC,c.834+1G>T,X278_splice,G,T,Substitution - SpliceSite,NC_000005.10,112801384
APC,c.834+2T>C,X278_splice,T,C,Substitution - SpliceSite,NC_000005.10,112801385
APC,c.834+2T>A,X278_splice,T,A,Substitution - SpliceSite,NC_000005.10,112801385
APC,c.834+3A>T,X278_splice,A,T,Substitution - SpliceSite,NC_000005.10,112801386
APC,c.933+1G>A,X311_splice,G,A,Substitution - SpliceSite,NC_000005.10,112815594
APC,c.1312+1G>A,X438_splice,G,A,Substitution - SpliceSite,NC_000005.10,112819345
APC,c.1312+1G>C,X438_splice,G,C,Substitution - SpliceSite,NC_000005.10,112819345
APC,c.1312+1G>T,X438_splice,G,T,Substitution - SpliceSite,NC_000005.10,112819345
APC,c.1312+2T>C,X438_splice,T,C,Substitution - SpliceSite,NC_000005.10,112819346
APC,c.1312+2T>G,X438_splice,T,G,Substitution - SpliceSite,NC_000005.10,112819346
APC,c.1312+3A>C,X438_splice,A,C,Substitution - SpliceSite,NC_000005.10,112819347
APC,c.1409-2A>G,X470_splice,A,G,Substitution - SpliceSite,NC_000005.10,112827106
APC,c.1409-1G>A,X470_splice,G,A,Substitution - SpliceSite,NC_000005.10,112827107
APC,c.1548+1G>A,X516_splice,G,A,Substitution - SpliceSite,NC_000005.10,112827248
APC,c.1548+2T>C,X516_splice,T,C,Substitution - SpliceSite,NC_000005.10,112827249
APC,c.1744-1G>A,X582_splice,G,A,Substitution - SpliceSite,NC_000005.10,112834950
APC,c.1958+1G>A,X653_splice,G,A,Substitution - SpliceSite,NC_000005.10,112835166
APC,c.1958+2T>C,X653_splice,T,C,Substitution - SpliceSite,NC_000005.10,112835167
APC,c.1958+3A>T,X653_splice,A,T,Substitution - SpliceSite,NC_000005.10,112835168
APC,c.1959-1G>A,X653_splice,G,A,Substitution - SpliceSite,NC_000005.10,112837552
APC,c.220+1G>T,X74_splice,G,T,Substitution - SpliceSite,NC_000005.10,112766411
TP53,c.1101-4A>C,MUTATED,T,G,Substitution - SpliceSite,NC_000017.11,7669694
TP53,c.993G>A,Q331=,C,T,Substitution - SpliceSite,NC_000017.11,7673535
TP53,c.375G>T,T125=,C,A,Substitution - SpliceSite,NC_000017.11,7675994
TP53,c.375G>A,T125=,C,T,Substitution - SpliceSite,NC_000017.11,7675994
TP53,c.375+2T>G,X125_splice,A,C,Substitution - SpliceSite,NC_000017.11,7675992
TP53,c.375+2T>C,X125_splice,A,G,Substitution - SpliceSite,NC_000017.11,7675992
TP53,c.375+1G>T,X125_splice,C,A,Substitution - SpliceSite,NC_000017.11,7675993
TP53,c.375+1G>C,X125_splice,C,G,Substitution - SpliceSite,NC_000017.11,7675993
TP53,c.375+1G>A,X125_splice,C,T,Substitution - SpliceSite,NC_000017.11,7675993
TP53,c.376-1G>T,X126_splice,C,A,Substitution - SpliceSite,NC_000017.11,7675237
TP53,c.376-1G>C,X126_splice,C,G,Substitution - SpliceSite,NC_000017.11,7675237
TP53,c.376-1G>A,X126_splice,C,T,Substitution - SpliceSite,NC_000017.11,7675237
TP53,c.376-2A>G,X126_splice,T,C,Substitution - SpliceSite,NC_000017.11,7675238
TP53,c.560-1G>C,X187_splice,C,G,Substitution - SpliceSite,NC_000017.11,7674972
TP53,c.560-1G>A,X187_splice,C,T,Substitution - SpliceSite,NC_000017.11,7674972
TP53,c.560-2A>G,X187_splice,T,C,Substitution - SpliceSite,NC_000017.11,7674973
TP53,c.559+2T>G,X187_splice,A,C,Substitution - SpliceSite,NC_000017.11,7675051
TP53,c.559+1G>T,X187_splice,C,A,Substitution - SpliceSite,NC_000017.11,7675052
TP53,c.559+1G>C,X187_splice,C,G,Substitution - SpliceSite,NC_000017.11,7675052
TP53,c.559+1G>A,X187_splice,C,T,Substitution - SpliceSite,NC_000017.11,7675052
TP53,c.672+2T>G,X224_splice,A,C,Substitution - SpliceSite,NC_000017.11,7674857
TP53,c.672+1G>T,X224_splice,C,A,Substitution - SpliceSite,NC_000017.11,7674858
TP53,c.672+1G>A,X224_splice,C,T,Substitution - SpliceSite,NC_000017.11,7674858
TP53,c.673-1G>T,X225_splice,C,A,Substitution - SpliceSite,NC_000017.11,7674291
TP53,c.673-1G>A,X225_splice,C,T,Substitution - SpliceSite,NC_000017.11,7674291
TP53,c.673-2A>T,X225_splice,T,A,Substitution - SpliceSite,NC_000017.11,7674292
TP53,c.673-2A>G,X225_splice,T,C,Substitution - SpliceSite,NC_000017.11,7674292
TP53,c.75-1G>A,X25_splice,C,T,Substitution - SpliceSite,NC_000017.11,7676404
TP53,c.783-1G>T,X261_splice,C,A,Substitution - SpliceSite,NC_000017.11,7673838
TP53,c.783-2A>T,X261_splice,T,A,Substitution - SpliceSite,NC_000017.11,7673839
TP53,c.782+2T>G,X261_splice,A,C,Substitution - SpliceSite,NC_000017.11,7674179
TP53,c.782+2T>C,X261_splice,A,G,Substitution - SpliceSite,NC_000017.11,7674179
TP53,c.782+1G>C,X261_splice,C,G,Substitution - SpliceSite,NC_000017.11,7674180
TP53,c.782+1G>A,X261_splice,C,T,Substitution - SpliceSite,NC_000017.11,7674180
TP53,c.920-1G>T,X307_splice,C,A,Substitution - SpliceSite,NC_000017.11,7673609
TP53,c.920-1G>A,X307_splice,C,T,Substitution - SpliceSite,NC_000017.11,7673609
TP53,c.920-2A>T,X307_splice,T,A,Substitution - SpliceSite,NC_000017.11,7673610
TP53,c.920-2A>G,X307_splice,T,C,Substitution - SpliceSite,NC_000017.11,7673610
TP53,c.919+2T>G,X307_splice,A,C,Substitution - SpliceSite,NC_000017.11,7673699
TP53,c.919+1G>T,X307_splice,C,A,Substitution - SpliceSite,NC_000017.11,7673700
TP53,c.919+1G>C,X307_splice,C,G,Substitution - SpliceSite,NC_000017.11,7673700
TP53,c.919+1G>A,X307_splice,C,T,Substitution - SpliceSite,NC_000017.11,7673700
TP53,c.96+1G>A,X32_splice,C,T,Substitution - SpliceSite,NC_000017.11,7676381
TP53,c.97-1G>T,X33_splice,C,A,Substitution - SpliceSite,NC_000017.11,7676273
TP53,c.97-1G>C,X33_splice,C,G,Substitution - SpliceSite,NC_000017.11,7676273
TP53,c.97-1G>A,X33_splice,C,T,Substitution - SpliceSite,NC_000017.11,7676273
TP53,c.97-2A>T,X33_splice,T,A,Substitution - SpliceSite,NC_000017.11,7676274
TP53,c.97-2A>G,X33_splice,T,C,Substitution - SpliceSite,NC_000017.11,7676274
TP53,c.993+2T>G,X331_splice,A,C,Substitution - SpliceSite,NC_000017.11,7673533
TP53,c.993+1G>T,X331_splice,C,A,Substitution - SpliceSite,NC_000017.11,7673534
TP53,c.993+1G>C,X331_splice,C,G,Substitution - SpliceSite,NC_000017.11,7673534
TP53,c.993+1G>A,X331_splice,C,T,Substitution - SpliceSite,NC_000017.11,7673534
TP53,c.994-1G>T,X332_splice,C,A,Substitution - SpliceSite,NC_000017.11,7670716
TP53,c.994-1G>C,X332_splice,C,G,Substitution - SpliceSite,NC_000017.11,7670716
TP53,c.994-1G>A,X332_splice,C,T,Substitution - SpliceSite,NC_000017.11,7670716
TP53,c.994-2A>T,X332_splice,T,A,Substitution - SpliceSite,NC_000017.11,7670717
TP53,c.994-2A>G,X332_splice,T,C,Substitution - SpliceSite,NC_000017.11,7670717
TP53,c.994-2A>C,X332_splice,T,G,Substitution - SpliceSite,NC_000017.11,7670717
TP53,c.1101-2A>C,X367_splice,T,G,Substitution - SpliceSite,NC_000017.11,7669692